<?xml version="1.0" encoding="UTF-8"?>
<beans xmlns="http://www.springframework.org/schema/beans"
       xmlns:xsi="http://www.w3.org/2001/XMLSchema-instance"
       xmlns:jee="http://www.springframework.org/schema/jee"
       xmlns:context="http://www.springframework.org/schema/context"
       xmlns:tx="http://www.springframework.org/schema/tx"
       xsi:schemaLocation="http://www.springframework.org/schema/beans
                        http://www.springframework.org/schema/beans/spring-beans.xsd
                        http://www.springframework.org/schema/context
                        http://www.springframework.org/schema/context/spring-context.xsd
                        http://www.springframework.org/schema/tx
                        http://www.springframework.org/schema/tx/spring-tx.xsd
                        http://www.springframework.org/schema/jee
                        http://www.springframework.org/schema/jee/spring-jee.xsd">

  <bean id="commandBundle" class="org.springframework.context.support.ResourceBundleMessageSource">
    <property name="basename" value="Resource" />
  </bean>

  <context:annotation-config />
  <context:component-scan base-package="com.sample" />

  <bean id="dataSource" class="com.mysql.cj.jdbc.MysqlDataSource">
    <property name="serverName" value="localhost"/>
    <property name="portNumber" value="3306"/>
    <property name="serverTimezone" value="UTC" />
    <property name="databaseName" value="userdb"/>
    <property name="user" value="userdb"/>
    <property name="password" value="password"/>
  </bean>

  <bean id="jdbcTemplate" class="org.springframework.jdbc.core.JdbcTemplate">
    <property name="dataSource" ref="dataSource"/>
  </bean>

  <bean id="eventSourceAdapter" class="com.github.apuex.eventsource.EventSourceAdapter.NullAdapter"/>

</beans>
